{"cameraMode":{"drawMode":0,"name":"Shaded","section":"Shading Mode"},"sceneLighting":false,"audioPlay":false,"sceneViewState":{"m_AlwaysRefresh":false,"showFog":true,"showSkybox":true,"showFlares":true,"showImageEffects":true,"showParticleSystems":true,"showVisualEffectGraphs":true,"m_FxEnabled":true},"in2DMode":false,"pivot":{"x":368.2633361816406,"y":157.5880584716797,"z":-13.823944091796875},"rotation":{"x":0.29407331347465517,"y":0.09442390501499176,"z":-0.029208747670054437,"w":0.9506587982177734},"size":36.22816467285156,"orthographic":false}