{"cameraMode":{"drawMode":0,"name":"Shaded","section":"Shading Mode"},"sceneLighting":false,"audioPlay":false,"sceneViewState":{"m_AlwaysRefresh":false,"showFog":true,"showSkybox":true,"showFlares":true,"showImageEffects":true,"showParticleSystems":true,"showVisualEffectGraphs":true,"m_FxEnabled":true},"in2DMode":false,"pivot":{"x":300.40948486328127,"y":153.52435302734376,"z":-10.489871978759766},"rotation":{"x":0.31393200159072878,"y":-0.14731436967849732,"z":0.04937411844730377,"w":0.9366492033004761},"size":1.4601491689682007,"orthographic":false}